document_index,full_prompt,llm_answer,resulting_action
637,"Human: 
You are a master of semantic understanding and clustering analysis.

Task: The dataset you are working with is highly diverse, containing documents from a wide range of topics and styles. Your goal is to evaluate whether the following document should belong to the same cluster as the given representative document, based strictly on their meaning.

Document: Do I get charged if i am getting money?

Representative Document for a Cluster: Why was I charged an extra fee when paying with my card?

Question: Based on their semantic similarity, should the Document be linked to the Representative Document? Respond only with YES or NO.

Response:
",YES,LLM Said YES (Remains in Original)
661,"Human: 
You are a master of semantic understanding and clustering analysis.

Task: The dataset you are working with is highly diverse, containing documents from a wide range of topics and styles. Your goal is to evaluate whether the following document should belong to the same cluster as the given representative document, based strictly on their meaning.

Document: top up did not complete

Representative Document for a Cluster: Why is my top-up still pending?

Question: Based on their semantic similarity, should the Document be linked to the Representative Document? Respond only with YES or NO.

Response:
",YES,LLM Said YES (Remains in Original)
620,"Human: 
You are a master of semantic understanding and clustering analysis.

Task: The dataset you are working with is highly diverse, containing documents from a wide range of topics and styles. Your goal is to evaluate whether the following document should belong to the same cluster as the given representative document, based strictly on their meaning.

Document: What are the charges for receiving money?

Representative Document for a Cluster: Why was I charged an extra fee when paying with my card?

Question: Based on their semantic similarity, should the Document be linked to the Representative Document? Respond only with YES or NO.

Response:
",YES,LLM Said YES (Remains in Original)
2717,"Human: 
You are a master of semantic understanding and clustering analysis.

Task: The dataset you are working with is highly diverse, containing documents from a wide range of topics and styles. Your goal is to evaluate whether the following document should belong to the same cluster as the given representative document, based strictly on their meaning.

Document: Why doesn't my balance reflect my transfer

Representative Document for a Cluster: Why is the cash deposit not showing up in my account?

Question: Based on their semantic similarity, should the Document be linked to the Representative Document? Respond only with YES or NO.

Response:
",YES,LLM Said YES (Remains in Original)
2223,"Human: 
You are a master of semantic understanding and clustering analysis.

Task: The dataset you are working with is highly diverse, containing documents from a wide range of topics and styles. Your goal is to evaluate whether the following document should belong to the same cluster as the given representative document, based strictly on their meaning.

Document: I sent out money, but was charged extra for transferring. Why?

Representative Document for a Cluster: Why was I charged an extra fee when paying with my card?

Question: Based on their semantic similarity, should the Document be linked to the Representative Document? Respond only with YES or NO.

Response:
",YES,LLM Said YES (Remains in Original)
1572,"Human: 
You are a master of semantic understanding and clustering analysis.

Task: The dataset you are working with is highly diverse, containing documents from a wide range of topics and styles. Your goal is to evaluate whether the following document should belong to the same cluster as the given representative document, based strictly on their meaning.

Document: I tried to make a cash withdrawal and it was declined. Why did this happen?

Representative Document for a Cluster: I didn't get as much cash as I asked for from the ATM, why?

Question: Based on their semantic similarity, should the Document be linked to the Representative Document? Respond only with YES or NO.

Response:
",YES,LLM Said YES (Remains in Original)
1419,"Human: 
You are a master of semantic understanding and clustering analysis.

Task: The dataset you are working with is highly diverse, containing documents from a wide range of topics and styles. Your goal is to evaluate whether the following document should belong to the same cluster as the given representative document, based strictly on their meaning.

Document: I see random purchases to my account, was it hacked?

Representative Document for a Cluster: There's a direct debit on my account that I didn't authorize

Question: Based on their semantic similarity, should the Document be linked to the Representative Document? Respond only with YES or NO.

Response:
",YES,LLM Said YES (Remains in Original)
1032,"Human: 
You are a master of semantic understanding and clustering analysis.

Task: The dataset you are working with is highly diverse, containing documents from a wide range of topics and styles. Your goal is to evaluate whether the following document should belong to the same cluster as the given representative document, based strictly on their meaning.

Document: My top-up was revoked.

Representative Document for a Cluster: The app reverted my action when I topped up.

Question: Based on their semantic similarity, should the Document be linked to the Representative Document? Respond only with YES or NO.

Response:
",YES,LLM Said YES (Remains in Original)
1396,"Human: 
You are a master of semantic understanding and clustering analysis.

Task: The dataset you are working with is highly diverse, containing documents from a wide range of topics and styles. Your goal is to evaluate whether the following document should belong to the same cluster as the given representative document, based strictly on their meaning.

Document: What are the limits for disposable virtual cards?

Representative Document for a Cluster: What do I do to get a disposable virtual card?

Question: Based on their semantic similarity, should the Document be linked to the Representative Document? Respond only with YES or NO.

Response:
",YES,LLM Said YES (Remains in Original)
784,"Human: 
You are a master of semantic understanding and clustering analysis.

Task: The dataset you are working with is highly diverse, containing documents from a wide range of topics and styles. Your goal is to evaluate whether the following document should belong to the same cluster as the given representative document, based strictly on their meaning.

Document: Something went wrong with my withdrawal. The amount of money isn't right.

Representative Document for a Cluster: I took out money from a transaction machine and it exchanged the wrong dollar value amount from another currency!

Question: Based on their semantic similarity, should the Document be linked to the Representative Document? Respond only with YES or NO.

Response:
",YES,LLM Said YES (Remains in Original)
889,"Human: 
You are a master of semantic understanding and clustering analysis.

Task: The dataset you are working with is highly diverse, containing documents from a wide range of topics and styles. Your goal is to evaluate whether the following document should belong to the same cluster as the given representative document, based strictly on their meaning.

Document: can you tell me what cards and currencies you take?

Representative Document for a Cluster: Which cards and currencies do you support?

Question: Based on their semantic similarity, should the Document be linked to the Representative Document? Respond only with YES or NO.

Response:
",YES,LLM Said YES (Remains in Original)
2532,"Human: 
You are a master of semantic understanding and clustering analysis.

Task: The dataset you are working with is highly diverse, containing documents from a wide range of topics and styles. Your goal is to evaluate whether the following document should belong to the same cluster as the given representative document, based strictly on their meaning.

Document: Why was my virtual card declined when attempting to setup automatic billing?

Representative Document for a Cluster: Why can't I get my virtual card to work?

Question: Based on their semantic similarity, should the Document be linked to the Representative Document? Respond only with YES or NO.

Response:
",YES,LLM Said YES (Remains in Original)
1342,"Human: 
You are a master of semantic understanding and clustering analysis.

Task: The dataset you are working with is highly diverse, containing documents from a wide range of topics and styles. Your goal is to evaluate whether the following document should belong to the same cluster as the given representative document, based strictly on their meaning.

Document: I tried to top up using my card, but now the money just disappeared!

Representative Document for a Cluster: The app reverted my action when I topped up.

Question: Based on their semantic similarity, should the Document be linked to the Representative Document? Respond only with YES or NO.

Response:
",YES,LLM Said YES (Remains in Original)
1333,"Human: 
You are a master of semantic understanding and clustering analysis.

Task: The dataset you are working with is highly diverse, containing documents from a wide range of topics and styles. Your goal is to evaluate whether the following document should belong to the same cluster as the given representative document, based strictly on their meaning.

Document: I am missing some funds from my account - I tried to transfer them using my credit card number, and it disappeared.

Representative Document for a Cluster: Why is the cash deposit not showing up in my account?

Question: Based on their semantic similarity, should the Document be linked to the Representative Document? Respond only with YES or NO.

Response:
",YES,LLM Said YES (Remains in Original)
2222,"Human: 
You are a master of semantic understanding and clustering analysis.

Task: The dataset you are working with is highly diverse, containing documents from a wide range of topics and styles. Your goal is to evaluate whether the following document should belong to the same cluster as the given representative document, based strictly on their meaning.

Document: I was charged a fee when making this transfer, and I don't think I should have been!

Representative Document for a Cluster: Why was I charged an extra fee when paying with my card?

Question: Based on their semantic similarity, should the Document be linked to the Representative Document? Respond only with YES or NO.

Response:
",YES,LLM Said YES (Remains in Original)
1859,"Human: 
You are a master of semantic understanding and clustering analysis.

Task: The dataset you are working with is highly diverse, containing documents from a wide range of topics and styles. Your goal is to evaluate whether the following document should belong to the same cluster as the given representative document, based strictly on their meaning.

Document: When will the transfer go through?

Representative Document for a Cluster: How long will it take for the transfer to reach my account?

Question: Based on their semantic similarity, should the Document be linked to the Representative Document? Respond only with YES or NO.

Response:
",YES,LLM Said YES (Remains in Original)
791,"Human: 
You are a master of semantic understanding and clustering analysis.

Task: The dataset you are working with is highly diverse, containing documents from a wide range of topics and styles. Your goal is to evaluate whether the following document should belong to the same cluster as the given representative document, based strictly on their meaning.

Document: I tried to take out cash but the amount isn't right, so what do I do?

Representative Document for a Cluster: I didn't get as much cash as I asked for from the ATM, why?

Question: Based on their semantic similarity, should the Document be linked to the Representative Document? Respond only with YES or NO.

Response:
",YES,LLM Said YES (Remains in Original)
1734,"Human: 
You are a master of semantic understanding and clustering analysis.

Task: The dataset you are working with is highly diverse, containing documents from a wide range of topics and styles. Your goal is to evaluate whether the following document should belong to the same cluster as the given representative document, based strictly on their meaning.

Document: How do I contact customer support about a transfer?

Representative Document for a Cluster: Why was there a fee for my transfer?

Question: Based on their semantic similarity, should the Document be linked to the Representative Document? Respond only with YES or NO.

Response:
",NO,LLM Said NO (Checking Candidates)
1734,"Human: 
You are a master of semantic understanding and clustering analysis.

Task: The dataset you are working with is highly diverse, containing documents from a wide range of topics and styles. Your goal is to evaluate whether the following document should belong to the same cluster as the given representative document, based strictly on their meaning.

Document: How do I contact customer support about a transfer?

Representative Document for a Cluster: Why did my transfer not go through?

Question: Based on their semantic similarity, should the Document be linked to the Representative Document? Respond only with YES or NO.

Response:
",YES,LLM Said YES (Reassigned to 6)
2299,"Human: 
You are a master of semantic understanding and clustering analysis.

Task: The dataset you are working with is highly diverse, containing documents from a wide range of topics and styles. Your goal is to evaluate whether the following document should belong to the same cluster as the given representative document, based strictly on their meaning.

Document: Why would a transfer fail?

Representative Document for a Cluster: What is the reason my transfer was declined?

Question: Based on their semantic similarity, should the Document be linked to the Representative Document? Respond only with YES or NO.

Response:
",YES,LLM Said YES (Remains in Original)
1259,"Human: 
You are a master of semantic understanding and clustering analysis.

Task: The dataset you are working with is highly diverse, containing documents from a wide range of topics and styles. Your goal is to evaluate whether the following document should belong to the same cluster as the given representative document, based strictly on their meaning.

Document: what is the process for setting up a pin

Representative Document for a Cluster: How do I change my PIN?

Question: Based on their semantic similarity, should the Document be linked to the Representative Document? Respond only with YES or NO.

Response:
",YES,LLM Said YES (Remains in Original)
1678,"Human: 
You are a master of semantic understanding and clustering analysis.

Task: The dataset you are working with is highly diverse, containing documents from a wide range of topics and styles. Your goal is to evaluate whether the following document should belong to the same cluster as the given representative document, based strictly on their meaning.

Document: I got mugged yesterday and can't use the app.

Representative Document for a Cluster: The app doesn't recognize me.

Question: Based on their semantic similarity, should the Document be linked to the Representative Document? Respond only with YES or NO.

Response:
",NO,LLM Said NO (Checking Candidates)
1678,"Human: 
You are a master of semantic understanding and clustering analysis.

Task: The dataset you are working with is highly diverse, containing documents from a wide range of topics and styles. Your goal is to evaluate whether the following document should belong to the same cluster as the given representative document, based strictly on their meaning.

Document: I got mugged yesterday and can't use the app.

Representative Document for a Cluster: My phone was stolen

Question: Based on their semantic similarity, should the Document be linked to the Representative Document? Respond only with YES or NO.

Response:
",YES,LLM Said YES (Reassigned to 59)
246,"Human: 
You are a master of semantic understanding and clustering analysis.

Task: The dataset you are working with is highly diverse, containing documents from a wide range of topics and styles. Your goal is to evaluate whether the following document should belong to the same cluster as the given representative document, based strictly on their meaning.

Document: There is an incoming payment into my account, but it is deactivated. Will they still be processed?

Representative Document for a Cluster: Why was my card payment cancelled?

Question: Based on their semantic similarity, should the Document be linked to the Representative Document? Respond only with YES or NO.

Response:
",NO,LLM Said NO (Checking Candidates)
246,"Human: 
You are a master of semantic understanding and clustering analysis.

Task: The dataset you are working with is highly diverse, containing documents from a wide range of topics and styles. Your goal is to evaluate whether the following document should belong to the same cluster as the given representative document, based strictly on their meaning.

Document: There is an incoming payment into my account, but it is deactivated. Will they still be processed?

Representative Document for a Cluster: Why is my payment pending?

Question: Based on their semantic similarity, should the Document be linked to the Representative Document? Respond only with YES or NO.

Response:
",YES,LLM Said YES (Reassigned to 27)
1590,"Human: 
You are a master of semantic understanding and clustering analysis.

Task: The dataset you are working with is highly diverse, containing documents from a wide range of topics and styles. Your goal is to evaluate whether the following document should belong to the same cluster as the given representative document, based strictly on their meaning.

Document: i tried to withdraw money from an atm and i was declined on front of my friends. Why did this happen?

Representative Document for a Cluster: The ATM won't give me my card back.

Question: Based on their semantic similarity, should the Document be linked to the Representative Document? Respond only with YES or NO.

Response:
",NO,LLM Said NO (Checking Candidates)
1590,"Human: 
You are a master of semantic understanding and clustering analysis.

Task: The dataset you are working with is highly diverse, containing documents from a wide range of topics and styles. Your goal is to evaluate whether the following document should belong to the same cluster as the given representative document, based strictly on their meaning.

Document: i tried to withdraw money from an atm and i was declined on front of my friends. Why did this happen?

Representative Document for a Cluster: I didn't get as much cash as I asked for from the ATM, why?

Question: Based on their semantic similarity, should the Document be linked to the Representative Document? Respond only with YES or NO.

Response:
",YES,LLM Said YES (Reassigned to 53)
1977,"Human: 
You are a master of semantic understanding and clustering analysis.

Task: The dataset you are working with is highly diverse, containing documents from a wide range of topics and styles. Your goal is to evaluate whether the following document should belong to the same cluster as the given representative document, based strictly on their meaning.

Document: I see what looks like duplicate charges on account.

Representative Document for a Cluster: There's a direct debit on my account that I didn't authorize

Question: Based on their semantic similarity, should the Document be linked to the Representative Document? Respond only with YES or NO.

Response:
",YES,LLM Said YES (Remains in Original)
302,"Human: 
You are a master of semantic understanding and clustering analysis.

Task: The dataset you are working with is highly diverse, containing documents from a wide range of topics and styles. Your goal is to evaluate whether the following document should belong to the same cluster as the given representative document, based strictly on their meaning.

Document: How long should I expect for the card to arrive?

Representative Document for a Cluster: How long until my card is delivered?

Question: Based on their semantic similarity, should the Document be linked to the Representative Document? Respond only with YES or NO.

Response:
",YES,LLM Said YES (Remains in Original)
272,"Human: 
You are a master of semantic understanding and clustering analysis.

Task: The dataset you are working with is highly diverse, containing documents from a wide range of topics and styles. Your goal is to evaluate whether the following document should belong to the same cluster as the given representative document, based strictly on their meaning.

Document: Do you work with all fiat currencies?

Representative Document for a Cluster: Which cards and currencies do you support?

Question: Based on their semantic similarity, should the Document be linked to the Representative Document? Respond only with YES or NO.

Response:
",NO,LLM Said NO (Checking Candidates)
272,"Human: 
You are a master of semantic understanding and clustering analysis.

Task: The dataset you are working with is highly diverse, containing documents from a wide range of topics and styles. Your goal is to evaluate whether the following document should belong to the same cluster as the given representative document, based strictly on their meaning.

Document: Do you work with all fiat currencies?

Representative Document for a Cluster: Can I exchange currencies?

Question: Based on their semantic similarity, should the Document be linked to the Representative Document? Respond only with YES or NO.

Response:
",YES,LLM Said YES (Reassigned to 22)
1865,"Human: 
You are a master of semantic understanding and clustering analysis.

Task: The dataset you are working with is highly diverse, containing documents from a wide range of topics and styles. Your goal is to evaluate whether the following document should belong to the same cluster as the given representative document, based strictly on their meaning.

Document: Pending transfer?

Representative Document for a Cluster: Why was there a fee for my transfer?

Question: Based on their semantic similarity, should the Document be linked to the Representative Document? Respond only with YES or NO.

Response:
",NO,LLM Said NO (Checking Candidates)
1865,"Human: 
You are a master of semantic understanding and clustering analysis.

Task: The dataset you are working with is highly diverse, containing documents from a wide range of topics and styles. Your goal is to evaluate whether the following document should belong to the same cluster as the given representative document, based strictly on their meaning.

Document: Pending transfer?

Representative Document for a Cluster: Why did my transfer not go through?

Question: Based on their semantic similarity, should the Document be linked to the Representative Document? Respond only with YES or NO.

Response:
",YES,LLM Said YES (Reassigned to 6)
821,"Human: 
You are a master of semantic understanding and clustering analysis.

Task: The dataset you are working with is highly diverse, containing documents from a wide range of topics and styles. Your goal is to evaluate whether the following document should belong to the same cluster as the given representative document, based strictly on their meaning.

Document: Can I check somewhere if there will be a fee on my payment or not? Seems you are charging in some cases, what's the pattern there?

Representative Document for a Cluster: $1 extra has been charged on my statement, why is that?

Question: Based on their semantic similarity, should the Document be linked to the Representative Document? Respond only with YES or NO.

Response:
",YES,LLM Said YES (Remains in Original)
2178,"Human: 
You are a master of semantic understanding and clustering analysis.

Task: The dataset you are working with is highly diverse, containing documents from a wide range of topics and styles. Your goal is to evaluate whether the following document should belong to the same cluster as the given representative document, based strictly on their meaning.

Document: Why wasn't I able to transfer to another account?

Representative Document for a Cluster: Why did my transfer not go through?

Question: Based on their semantic similarity, should the Document be linked to the Representative Document? Respond only with YES or NO.

Response:
",YES,LLM Said YES (Remains in Original)
1812,"Human: 
You are a master of semantic understanding and clustering analysis.

Task: The dataset you are working with is highly diverse, containing documents from a wide range of topics and styles. Your goal is to evaluate whether the following document should belong to the same cluster as the given representative document, based strictly on their meaning.

Document: My latest payment was declined, I was told everything was back to working order. What happened?

Representative Document for a Cluster: Why was a transaction on my card declined?

Question: Based on their semantic similarity, should the Document be linked to the Representative Document? Respond only with YES or NO.

Response:
",YES,LLM Said YES (Remains in Original)
456,"Human: 
You are a master of semantic understanding and clustering analysis.

Task: The dataset you are working with is highly diverse, containing documents from a wide range of topics and styles. Your goal is to evaluate whether the following document should belong to the same cluster as the given representative document, based strictly on their meaning.

Document: Can you freeze my card it was stolen

Representative Document for a Cluster: I think someone is using my card to make transactions I don't remember.

Question: Based on their semantic similarity, should the Document be linked to the Representative Document? Respond only with YES or NO.

Response:
",YES,LLM Said YES (Remains in Original)
677,"Human: 
You are a master of semantic understanding and clustering analysis.

Task: The dataset you are working with is highly diverse, containing documents from a wide range of topics and styles. Your goal is to evaluate whether the following document should belong to the same cluster as the given representative document, based strictly on their meaning.

Document: When will my top-up process?

Representative Document for a Cluster: Why did my top up not work?

Question: Based on their semantic similarity, should the Document be linked to the Representative Document? Respond only with YES or NO.

Response:
",YES,LLM Said YES (Remains in Original)
1568,"Human: 
You are a master of semantic understanding and clustering analysis.

Task: The dataset you are working with is highly diverse, containing documents from a wide range of topics and styles. Your goal is to evaluate whether the following document should belong to the same cluster as the given representative document, based strictly on their meaning.

Document: I want to know why I have been unable to withdrawn funds.

Representative Document for a Cluster: Why was I charged a fee for withdrawing cash?

Question: Based on their semantic similarity, should the Document be linked to the Representative Document? Respond only with YES or NO.

Response:
",YES,LLM Said YES (Remains in Original)
2259,"Human: 
You are a master of semantic understanding and clustering analysis.

Task: The dataset you are working with is highly diverse, containing documents from a wide range of topics and styles. Your goal is to evaluate whether the following document should belong to the same cluster as the given representative document, based strictly on their meaning.

Document: How can my friend send me money?

Representative Document for a Cluster: Are my friends able to top up my account?

Question: Based on their semantic similarity, should the Document be linked to the Representative Document? Respond only with YES or NO.

Response:
",NO,LLM Said NO (Checking Candidates)
2259,"Human: 
You are a master of semantic understanding and clustering analysis.

Task: The dataset you are working with is highly diverse, containing documents from a wide range of topics and styles. Your goal is to evaluate whether the following document should belong to the same cluster as the given representative document, based strictly on their meaning.

Document: How can my friend send me money?

Representative Document for a Cluster: How can I transfer money to my account?

Question: Based on their semantic similarity, should the Document be linked to the Representative Document? Respond only with YES or NO.

Response:
",YES,LLM Said YES (Reassigned to 4)
1275,"Human: 
You are a master of semantic understanding and clustering analysis.

Task: The dataset you are working with is highly diverse, containing documents from a wide range of topics and styles. Your goal is to evaluate whether the following document should belong to the same cluster as the given representative document, based strictly on their meaning.

Document: What do I need to do for a PIN?

Representative Document for a Cluster: How do I change my PIN?

Question: Based on their semantic similarity, should the Document be linked to the Representative Document? Respond only with YES or NO.

Response:
",YES,LLM Said YES (Remains in Original)
2550,"Human: 
You are a master of semantic understanding and clustering analysis.

Task: The dataset you are working with is highly diverse, containing documents from a wide range of topics and styles. Your goal is to evaluate whether the following document should belong to the same cluster as the given representative document, based strictly on their meaning.

Document: How do I get my disposable virtual card to work?

Representative Document for a Cluster: Why can't I get my virtual card to work?

Question: Based on their semantic similarity, should the Document be linked to the Representative Document? Respond only with YES or NO.

Response:
",YES,LLM Said YES (Remains in Original)
1299,"Human: 
You are a master of semantic understanding and clustering analysis.

Task: The dataset you are working with is highly diverse, containing documents from a wide range of topics and styles. Your goal is to evaluate whether the following document should belong to the same cluster as the given representative document, based strictly on their meaning.

Document: Am I able to choose my card?

Representative Document for a Cluster: Can I have a second card?

Question: Based on their semantic similarity, should the Document be linked to the Representative Document? Respond only with YES or NO.

Response:
",YES,LLM Said YES (Remains in Original)
542,"Human: 
You are a master of semantic understanding and clustering analysis.

Task: The dataset you are working with is highly diverse, containing documents from a wide range of topics and styles. Your goal is to evaluate whether the following document should belong to the same cluster as the given representative document, based strictly on their meaning.

Document: My account is blocked, how do I log in now

Representative Document for a Cluster: The app doesn't recognize me.

Question: Based on their semantic similarity, should the Document be linked to the Representative Document? Respond only with YES or NO.

Response:
",YES,LLM Said YES (Remains in Original)
285,"Human: 
You are a master of semantic understanding and clustering analysis.

Task: The dataset you are working with is highly diverse, containing documents from a wide range of topics and styles. Your goal is to evaluate whether the following document should belong to the same cluster as the given representative document, based strictly on their meaning.

Document: Can you get me my card fast?

Representative Document for a Cluster: I lost my card

Question: Based on their semantic similarity, should the Document be linked to the Representative Document? Respond only with YES or NO.

Response:
",NO,LLM Said NO (Checking Candidates)
285,"Human: 
You are a master of semantic understanding and clustering analysis.

Task: The dataset you are working with is highly diverse, containing documents from a wide range of topics and styles. Your goal is to evaluate whether the following document should belong to the same cluster as the given representative document, based strictly on their meaning.

Document: Can you get me my card fast?

Representative Document for a Cluster: How do I get a visa card?

Question: Based on their semantic similarity, should the Document be linked to the Representative Document? Respond only with YES or NO.

Response:
",YES,LLM Said YES (Reassigned to 66)
2746,"Human: 
You are a master of semantic understanding and clustering analysis.

Task: The dataset you are working with is highly diverse, containing documents from a wide range of topics and styles. Your goal is to evaluate whether the following document should belong to the same cluster as the given representative document, based strictly on their meaning.

Document: How do I cancel my card? There are charges on my account that I didn't make.

Representative Document for a Cluster: There's a direct debit on my account that I didn't authorize

Question: Based on their semantic similarity, should the Document be linked to the Representative Document? Respond only with YES or NO.

Response:
",YES,LLM Said YES (Remains in Original)
2592,"Human: 
You are a master of semantic understanding and clustering analysis.

Task: The dataset you are working with is highly diverse, containing documents from a wide range of topics and styles. Your goal is to evaluate whether the following document should belong to the same cluster as the given representative document, based strictly on their meaning.

Document: The see the rate applied to my transaction was wrong at the atm.

Representative Document for a Cluster: I took out money from a transaction machine and it exchanged the wrong dollar value amount from another currency!

Question: Based on their semantic similarity, should the Document be linked to the Representative Document? Respond only with YES or NO.

Response:
",YES,LLM Said YES (Remains in Original)
420,"Human: 
You are a master of semantic understanding and clustering analysis.

Task: The dataset you are working with is highly diverse, containing documents from a wide range of topics and styles. Your goal is to evaluate whether the following document should belong to the same cluster as the given representative document, based strictly on their meaning.

Document: What is the best way to exchange currency?

Representative Document for a Cluster: Is there a fee for exchanging currencies?

Question: Based on their semantic similarity, should the Document be linked to the Representative Document? Respond only with YES or NO.

Response:
",YES,LLM Said YES (Remains in Original)
1988,"Human: 
You are a master of semantic understanding and clustering analysis.

Task: The dataset you are working with is highly diverse, containing documents from a wide range of topics and styles. Your goal is to evaluate whether the following document should belong to the same cluster as the given representative document, based strictly on their meaning.

Document: Can you explain why there is a payment showing twice?

Representative Document for a Cluster: I have a payment I didn't do

Question: Based on their semantic similarity, should the Document be linked to the Representative Document? Respond only with YES or NO.

Response:
",YES,LLM Said YES (Remains in Original)
1272,"Human: 
You are a master of semantic understanding and clustering analysis.

Task: The dataset you are working with is highly diverse, containing documents from a wide range of topics and styles. Your goal is to evaluate whether the following document should belong to the same cluster as the given representative document, based strictly on their meaning.

Document: Help me find my card pin!

Representative Document for a Cluster: I lost my card

Question: Based on their semantic similarity, should the Document be linked to the Representative Document? Respond only with YES or NO.

Response:
",YES,LLM Said YES (Remains in Original)
1881,"Human: 
You are a master of semantic understanding and clustering analysis.

Task: The dataset you are working with is highly diverse, containing documents from a wide range of topics and styles. Your goal is to evaluate whether the following document should belong to the same cluster as the given representative document, based strictly on their meaning.

Document: i want to close an account but im not sure about setting up a new one in the future, what do you recommend

Representative Document for a Cluster: How old do I need to be to open an account?

Question: Based on their semantic similarity, should the Document be linked to the Representative Document? Respond only with YES or NO.

Response:
",NO,LLM Said NO (Checking Candidates)
1881,"Human: 
You are a master of semantic understanding and clustering analysis.

Task: The dataset you are working with is highly diverse, containing documents from a wide range of topics and styles. Your goal is to evaluate whether the following document should belong to the same cluster as the given representative document, based strictly on their meaning.

Document: i want to close an account but im not sure about setting up a new one in the future, what do you recommend

Representative Document for a Cluster: This company sucks! Can you delete my account?

Question: Based on their semantic similarity, should the Document be linked to the Representative Document? Respond only with YES or NO.

Response:
",NO,Evaluated Candidate
1881,"Human: 
You are a master of semantic understanding and clustering analysis.

Task: The dataset you are working with is highly diverse, containing documents from a wide range of topics and styles. Your goal is to evaluate whether the following document should belong to the same cluster as the given representative document, based strictly on their meaning.

Document: i want to close an account but im not sure about setting up a new one in the future, what do you recommend

Representative Document for a Cluster: Please delete my account.

Question: Based on their semantic similarity, should the Document be linked to the Representative Document? Respond only with YES or NO.

Response:
",YES,LLM Said YES (Reassigned to 63)
1516,"Human: 
You are a master of semantic understanding and clustering analysis.

Task: The dataset you are working with is highly diverse, containing documents from a wide range of topics and styles. Your goal is to evaluate whether the following document should belong to the same cluster as the given representative document, based strictly on their meaning.

Document: Someone has taken my money and I don't know who

Representative Document for a Cluster: I have a payment I didn't do

Question: Based on their semantic similarity, should the Document be linked to the Representative Document? Respond only with YES or NO.

Response:
",NO,LLM Said NO (Checking Candidates)
1516,"Human: 
You are a master of semantic understanding and clustering analysis.

Task: The dataset you are working with is highly diverse, containing documents from a wide range of topics and styles. Your goal is to evaluate whether the following document should belong to the same cluster as the given representative document, based strictly on their meaning.

Document: Someone has taken my money and I don't know who

Representative Document for a Cluster: I think someone is using my card to make transactions I don't remember.

Question: Based on their semantic similarity, should the Document be linked to the Representative Document? Respond only with YES or NO.

Response:
",YES,LLM Said YES (Reassigned to 40)
765,"Human: 
You are a master of semantic understanding and clustering analysis.

Task: The dataset you are working with is highly diverse, containing documents from a wide range of topics and styles. Your goal is to evaluate whether the following document should belong to the same cluster as the given representative document, based strictly on their meaning.

Document: The amount of cash I received was incorrect

Representative Document for a Cluster: I took out money from a transaction machine and it exchanged the wrong dollar value amount from another currency!

Question: Based on their semantic similarity, should the Document be linked to the Representative Document? Respond only with YES or NO.

Response:
",NO,LLM Said NO (Checking Candidates)
765,"Human: 
You are a master of semantic understanding and clustering analysis.

Task: The dataset you are working with is highly diverse, containing documents from a wide range of topics and styles. Your goal is to evaluate whether the following document should belong to the same cluster as the given representative document, based strictly on their meaning.

Document: The amount of cash I received was incorrect

Representative Document for a Cluster: I didn't get as much cash as I asked for from the ATM, why?

Question: Based on their semantic similarity, should the Document be linked to the Representative Document? Respond only with YES or NO.

Response:
",YES,LLM Said YES (Reassigned to 53)
2704,"Human: 
You are a master of semantic understanding and clustering analysis.

Task: The dataset you are working with is highly diverse, containing documents from a wide range of topics and styles. Your goal is to evaluate whether the following document should belong to the same cluster as the given representative document, based strictly on their meaning.

Document: Why isn't the transfer on my account showing up?

Representative Document for a Cluster: Why did my transfer not go through?

Question: Based on their semantic similarity, should the Document be linked to the Representative Document? Respond only with YES or NO.

Response:
",YES,LLM Said YES (Remains in Original)
2280,"Human: 
You are a master of semantic understanding and clustering analysis.

Task: The dataset you are working with is highly diverse, containing documents from a wide range of topics and styles. Your goal is to evaluate whether the following document should belong to the same cluster as the given representative document, based strictly on their meaning.

Document: dont understand why transfer failed

Representative Document for a Cluster: What is the reason my transfer was declined?

Question: Based on their semantic similarity, should the Document be linked to the Representative Document? Respond only with YES or NO.

Response:
",YES,LLM Said YES (Remains in Original)
673,"Human: 
You are a master of semantic understanding and clustering analysis.

Task: The dataset you are working with is highly diverse, containing documents from a wide range of topics and styles. Your goal is to evaluate whether the following document should belong to the same cluster as the given representative document, based strictly on their meaning.

Document: Where is the money I topped off with?

Representative Document for a Cluster: Why did my top up not work?

Question: Based on their semantic similarity, should the Document be linked to the Representative Document? Respond only with YES or NO.

Response:
",YES,LLM Said YES (Remains in Original)
918,"Human: 
You are a master of semantic understanding and clustering analysis.

Task: The dataset you are working with is highly diverse, containing documents from a wide range of topics and styles. Your goal is to evaluate whether the following document should belong to the same cluster as the given representative document, based strictly on their meaning.

Document: What currencies or cards do you support for topping up?

Representative Document for a Cluster: Which cards and currencies do you support?

Question: Based on their semantic similarity, should the Document be linked to the Representative Document? Respond only with YES or NO.

Response:
",YES,LLM Said YES (Remains in Original)
1399,"Human: 
You are a master of semantic understanding and clustering analysis.

Task: The dataset you are working with is highly diverse, containing documents from a wide range of topics and styles. Your goal is to evaluate whether the following document should belong to the same cluster as the given representative document, based strictly on their meaning.

Document: How many times can I use the disposable virtual card I have?

Representative Document for a Cluster: What do I do to get a disposable virtual card?

Question: Based on their semantic similarity, should the Document be linked to the Representative Document? Respond only with YES or NO.

Response:
",YES,LLM Said YES (Remains in Original)
413,"Human: 
You are a master of semantic understanding and clustering analysis.

Task: The dataset you are working with is highly diverse, containing documents from a wide range of topics and styles. Your goal is to evaluate whether the following document should belong to the same cluster as the given representative document, based strictly on their meaning.

Document: Can I get some money exchanged?

Representative Document for a Cluster: Can I exchange currencies?

Question: Based on their semantic similarity, should the Document be linked to the Representative Document? Respond only with YES or NO.

Response:
",YES,LLM Said YES (Remains in Original)
650,"Human: 
You are a master of semantic understanding and clustering analysis.

Task: The dataset you are working with is highly diverse, containing documents from a wide range of topics and styles. Your goal is to evaluate whether the following document should belong to the same cluster as the given representative document, based strictly on their meaning.

Document: I topped up but it didn't complete

Representative Document for a Cluster: Why is my top-up still pending?

Question: Based on their semantic similarity, should the Document be linked to the Representative Document? Respond only with YES or NO.

Response:
",YES,LLM Said YES (Remains in Original)
3024,"Human: 
You are a master of semantic understanding and clustering analysis.

Task: The dataset you are working with is highly diverse, containing documents from a wide range of topics and styles. Your goal is to evaluate whether the following document should belong to the same cluster as the given representative document, based strictly on their meaning.

Document: do the details of my profile have to match my documents

Representative Document for a Cluster: I need to update my personal details

Question: Based on their semantic similarity, should the Document be linked to the Representative Document? Respond only with YES or NO.

Response:
",YES,LLM Said YES (Remains in Original)
797,"Human: 
You are a master of semantic understanding and clustering analysis.

Task: The dataset you are working with is highly diverse, containing documents from a wide range of topics and styles. Your goal is to evaluate whether the following document should belong to the same cluster as the given representative document, based strictly on their meaning.

Document: I didn't get the right amount at the ATM.

Representative Document for a Cluster: I took out money from a transaction machine and it exchanged the wrong dollar value amount from another currency!

Question: Based on their semantic similarity, should the Document be linked to the Representative Document? Respond only with YES or NO.

Response:
",NO,LLM Said NO (Checking Candidates)
797,"Human: 
You are a master of semantic understanding and clustering analysis.

Task: The dataset you are working with is highly diverse, containing documents from a wide range of topics and styles. Your goal is to evaluate whether the following document should belong to the same cluster as the given representative document, based strictly on their meaning.

Document: I didn't get the right amount at the ATM.

Representative Document for a Cluster: I didn't get as much cash as I asked for from the ATM, why?

Question: Based on their semantic similarity, should the Document be linked to the Representative Document? Respond only with YES or NO.

Response:
",YES,LLM Said YES (Reassigned to 53)
1847,"Human: 
You are a master of semantic understanding and clustering analysis.

Task: The dataset you are working with is highly diverse, containing documents from a wide range of topics and styles. Your goal is to evaluate whether the following document should belong to the same cluster as the given representative document, based strictly on their meaning.

Document: So the transfer finally worked but now it's been pending for quite a long time. How long do you expect me to wait for it? It's quite urgent

Representative Document for a Cluster: Why did my transfer not go through?

Question: Based on their semantic similarity, should the Document be linked to the Representative Document? Respond only with YES or NO.

Response:
",YES,LLM Said YES (Remains in Original)
2045,"Human: 
You are a master of semantic understanding and clustering analysis.

Task: The dataset you are working with is highly diverse, containing documents from a wide range of topics and styles. Your goal is to evaluate whether the following document should belong to the same cluster as the given representative document, based strictly on their meaning.

Document: How long until my transfer goes through?

Representative Document for a Cluster: How long will it take for the transfer to reach my account?

Question: Based on their semantic similarity, should the Document be linked to the Representative Document? Respond only with YES or NO.

Response:
",YES,LLM Said YES (Remains in Original)
828,"Human: 
You are a master of semantic understanding and clustering analysis.

Task: The dataset you are working with is highly diverse, containing documents from a wide range of topics and styles. Your goal is to evaluate whether the following document should belong to the same cluster as the given representative document, based strictly on their meaning.

Document: For the first time I got a fee on my account. How do I know when you charge these fees?

Representative Document for a Cluster: Why was I charged an extra fee when paying with my card?

Question: Based on their semantic similarity, should the Document be linked to the Representative Document? Respond only with YES or NO.

Response:
",YES,LLM Said YES (Remains in Original)
3053,"Human: 
You are a master of semantic understanding and clustering analysis.

Task: The dataset you are working with is highly diverse, containing documents from a wide range of topics and styles. Your goal is to evaluate whether the following document should belong to the same cluster as the given representative document, based strictly on their meaning.

Document: how do i get a card if i am in the usa

Representative Document for a Cluster: How do I get a visa card?

Question: Based on their semantic similarity, should the Document be linked to the Representative Document? Respond only with YES or NO.

Response:
",YES,LLM Said YES (Remains in Original)
2219,"Human: 
You are a master of semantic understanding and clustering analysis.

Task: The dataset you are working with is highly diverse, containing documents from a wide range of topics and styles. Your goal is to evaluate whether the following document should belong to the same cluster as the given representative document, based strictly on their meaning.

Document: I'm not sure why I was charged an extra fee for transferring funds.

Representative Document for a Cluster: Why was I charged an extra fee when paying with my card?

Question: Based on their semantic similarity, should the Document be linked to the Representative Document? Respond only with YES or NO.

Response:
",YES,LLM Said YES (Remains in Original)
461,"Human: 
You are a master of semantic understanding and clustering analysis.

Task: The dataset you are working with is highly diverse, containing documents from a wide range of topics and styles. Your goal is to evaluate whether the following document should belong to the same cluster as the given representative document, based strictly on their meaning.

Document: Someone stole my wallet earlier today, not sure exactly when, probably on Piccadilly circus. Can you check if there were any attempts to use the card and obviously block it?

Representative Document for a Cluster: What should I do if my card is missing?

Question: Based on their semantic similarity, should the Document be linked to the Representative Document? Respond only with YES or NO.

Response:
",YES,LLM Said YES (Remains in Original)
347,"Human: 
You are a master of semantic understanding and clustering analysis.

Task: The dataset you are working with is highly diverse, containing documents from a wide range of topics and styles. Your goal is to evaluate whether the following document should belong to the same cluster as the given representative document, based strictly on their meaning.

Document: Can I have it add money automatically in certain intervals?

Representative Document for a Cluster: How can I transfer money to my account?

Question: Based on their semantic similarity, should the Document be linked to the Representative Document? Respond only with YES or NO.

Response:
",NO,LLM Said NO (Checking Candidates)
347,"Human: 
You are a master of semantic understanding and clustering analysis.

Task: The dataset you are working with is highly diverse, containing documents from a wide range of topics and styles. Your goal is to evaluate whether the following document should belong to the same cluster as the given representative document, based strictly on their meaning.

Document: Can I have it add money automatically in certain intervals?

Representative Document for a Cluster: How can I top up with cash?

Question: Based on their semantic similarity, should the Document be linked to the Representative Document? Respond only with YES or NO.

Response:
",YES,LLM Said YES (Reassigned to 65)
1056,"Human: 
You are a master of semantic understanding and clustering analysis.

Task: The dataset you are working with is highly diverse, containing documents from a wide range of topics and styles. Your goal is to evaluate whether the following document should belong to the same cluster as the given representative document, based strictly on their meaning.

Document: Are cheques accepted to my account? Mine didn't seem to work.

Representative Document for a Cluster: Can I top up with a cheque?

Question: Based on their semantic similarity, should the Document be linked to the Representative Document? Respond only with YES or NO.

Response:
",YES,LLM Said YES (Remains in Original)
2663,"Human: 
You are a master of semantic understanding and clustering analysis.

Task: The dataset you are working with is highly diverse, containing documents from a wide range of topics and styles. Your goal is to evaluate whether the following document should belong to the same cluster as the given representative document, based strictly on their meaning.

Document: Can you tell me if my pop-up went through?

Representative Document for a Cluster: Why did my transfer not go through?

Question: Based on their semantic similarity, should the Document be linked to the Representative Document? Respond only with YES or NO.

Response:
",NO,LLM Said NO (Checking Candidates)
2663,"Human: 
You are a master of semantic understanding and clustering analysis.

Task: The dataset you are working with is highly diverse, containing documents from a wide range of topics and styles. Your goal is to evaluate whether the following document should belong to the same cluster as the given representative document, based strictly on their meaning.

Document: Can you tell me if my pop-up went through?

Representative Document for a Cluster: Why did my top up not work?

Question: Based on their semantic similarity, should the Document be linked to the Representative Document? Respond only with YES or NO.

Response:
",YES,LLM Said YES (Reassigned to 38)
62,"Human: 
You are a master of semantic understanding and clustering analysis.

Task: The dataset you are working with is highly diverse, containing documents from a wide range of topics and styles. Your goal is to evaluate whether the following document should belong to the same cluster as the given representative document, based strictly on their meaning.

Document: I found my card, I would like to reactivate it.

Representative Document for a Cluster: I lost my card

Question: Based on their semantic similarity, should the Document be linked to the Representative Document? Respond only with YES or NO.

Response:
",YES,LLM Said YES (Remains in Original)
816,"Human: 
You are a master of semantic understanding and clustering analysis.

Task: The dataset you are working with is highly diverse, containing documents from a wide range of topics and styles. Your goal is to evaluate whether the following document should belong to the same cluster as the given representative document, based strictly on their meaning.

Document: I made a card payment and a fee is showing up?

Representative Document for a Cluster: Why was I charged an extra fee when paying with my card?

Question: Based on their semantic similarity, should the Document be linked to the Representative Document? Respond only with YES or NO.

Response:
",YES,LLM Said YES (Remains in Original)
1804,"Human: 
You are a master of semantic understanding and clustering analysis.

Task: The dataset you are working with is highly diverse, containing documents from a wide range of topics and styles. Your goal is to evaluate whether the following document should belong to the same cluster as the given representative document, based strictly on their meaning.

Document: My payment has been declined, I thought this issue was fixed!

Representative Document for a Cluster: Why was my card payment cancelled?

Question: Based on their semantic similarity, should the Document be linked to the Representative Document? Respond only with YES or NO.

Response:
",YES,LLM Said YES (Remains in Original)
1338,"Human: 
You are a master of semantic understanding and clustering analysis.

Task: The dataset you are working with is highly diverse, containing documents from a wide range of topics and styles. Your goal is to evaluate whether the following document should belong to the same cluster as the given representative document, based strictly on their meaning.

Document: i know i entered the right info, but my top up isn't in my balance

Representative Document for a Cluster: Why is my top-up still pending?

Question: Based on their semantic similarity, should the Document be linked to the Representative Document? Respond only with YES or NO.

Response:
",YES,LLM Said YES (Remains in Original)
849,"Human: 
You are a master of semantic understanding and clustering analysis.

Task: The dataset you are working with is highly diverse, containing documents from a wide range of topics and styles. Your goal is to evaluate whether the following document should belong to the same cluster as the given representative document, based strictly on their meaning.

Document: how long do money transfers take?

Representative Document for a Cluster: How long does it take for a transfer?

Question: Based on their semantic similarity, should the Document be linked to the Representative Document? Respond only with YES or NO.

Response:
",YES,LLM Said YES (Remains in Original)
129,"Human: 
You are a master of semantic understanding and clustering analysis.

Task: The dataset you are working with is highly diverse, containing documents from a wide range of topics and styles. Your goal is to evaluate whether the following document should belong to the same cluster as the given representative document, based strictly on their meaning.

Document: My exchange went wrong. I swapped Russian Ruble for UK pounds and was charged too much.

Representative Document for a Cluster: I took out money from a transaction machine and it exchanged the wrong dollar value amount from another currency!

Question: Based on their semantic similarity, should the Document be linked to the Representative Document? Respond only with YES or NO.

Response:
",YES,LLM Said YES (Remains in Original)
2545,"Human: 
You are a master of semantic understanding and clustering analysis.

Task: The dataset you are working with is highly diverse, containing documents from a wide range of topics and styles. Your goal is to evaluate whether the following document should belong to the same cluster as the given representative document, based strictly on their meaning.

Document: My disposable card seems not to be working am I doing something wrong?

Representative Document for a Cluster: Why can't I get my virtual card to work?

Question: Based on their semantic similarity, should the Document be linked to the Representative Document? Respond only with YES or NO.

Response:
",YES,LLM Said YES (Remains in Original)
125,"Human: 
You are a master of semantic understanding and clustering analysis.

Task: The dataset you are working with is highly diverse, containing documents from a wide range of topics and styles. Your goal is to evaluate whether the following document should belong to the same cluster as the given representative document, based strictly on their meaning.

Document: This rate is too low. Are you sure your using the right exchange rate.

Representative Document for a Cluster: How do your exchange rates work?

Question: Based on their semantic similarity, should the Document be linked to the Representative Document? Respond only with YES or NO.

Response:
",YES,LLM Said YES (Remains in Original)
2401,"Human: 
You are a master of semantic understanding and clustering analysis.

Task: The dataset you are working with is highly diverse, containing documents from a wide range of topics and styles. Your goal is to evaluate whether the following document should belong to the same cluster as the given representative document, based strictly on their meaning.

Document: How many cards can I have for one account?

Representative Document for a Cluster: How many disposable cards can I have?

Question: Based on their semantic similarity, should the Document be linked to the Representative Document? Respond only with YES or NO.

Response:
",YES,LLM Said YES (Remains in Original)
856,"Human: 
You are a master of semantic understanding and clustering analysis.

Task: The dataset you are working with is highly diverse, containing documents from a wide range of topics and styles. Your goal is to evaluate whether the following document should belong to the same cluster as the given representative document, based strictly on their meaning.

Document: I transferred the rent payment for my new place a couple days ago but the landlord says it's not there yet, despite showing up as done on my side. I checked the account number I sent it to and it's definitely correct. Can you please verify if the transaction really went through or not?

Representative Document for a Cluster: Why is the cash deposit not showing up in my account?

Question: Based on their semantic similarity, should the Document be linked to the Representative Document? Respond only with YES or NO.

Response:
",YES,LLM Said YES (Remains in Original)
2491,"Human: 
You are a master of semantic understanding and clustering analysis.

Task: The dataset you are working with is highly diverse, containing documents from a wide range of topics and styles. Your goal is to evaluate whether the following document should belong to the same cluster as the given representative document, based strictly on their meaning.

Document: Do you ship cards to where I live?

Representative Document for a Cluster: If i'm not in the UK, can I still get a card?

Question: Based on their semantic similarity, should the Document be linked to the Representative Document? Respond only with YES or NO.

Response:
",YES,LLM Said YES (Remains in Original)
2309,"Human: 
You are a master of semantic understanding and clustering analysis.

Task: The dataset you are working with is highly diverse, containing documents from a wide range of topics and styles. Your goal is to evaluate whether the following document should belong to the same cluster as the given representative document, based strictly on their meaning.

Document: Please help me as i am continuously facing the issue in transferring money to my friends, as all my transactions are getting failed.

Representative Document for a Cluster: Why did my transfer not go through?

Question: Based on their semantic similarity, should the Document be linked to the Representative Document? Respond only with YES or NO.

Response:
",YES,LLM Said YES (Remains in Original)
861,"Human: 
You are a master of semantic understanding and clustering analysis.

Task: The dataset you are working with is highly diverse, containing documents from a wide range of topics and styles. Your goal is to evaluate whether the following document should belong to the same cluster as the given representative document, based strictly on their meaning.

Document: The day before yesterday, I performed a transfer which was within this country. It still hasn't gone through. Can you check on that? The account number is definitely correct, as I've checked and double checked.

Representative Document for a Cluster: Why is the cash deposit not showing up in my account?

Question: Based on their semantic similarity, should the Document be linked to the Representative Document? Respond only with YES or NO.

Response:
",NO,LLM Said NO (Checking Candidates)
861,"Human: 
You are a master of semantic understanding and clustering analysis.

Task: The dataset you are working with is highly diverse, containing documents from a wide range of topics and styles. Your goal is to evaluate whether the following document should belong to the same cluster as the given representative document, based strictly on their meaning.

Document: The day before yesterday, I performed a transfer which was within this country. It still hasn't gone through. Can you check on that? The account number is definitely correct, as I've checked and double checked.

Representative Document for a Cluster: Why did my transfer not go through?

Question: Based on their semantic similarity, should the Document be linked to the Representative Document? Respond only with YES or NO.

Response:
",YES,LLM Said YES (Reassigned to 6)
1109,"Human: 
You are a master of semantic understanding and clustering analysis.

Task: The dataset you are working with is highly diverse, containing documents from a wide range of topics and styles. Your goal is to evaluate whether the following document should belong to the same cluster as the given representative document, based strictly on their meaning.

Document: I don't know where this transaction came from?

Representative Document for a Cluster: I have a payment I didn't do

Question: Based on their semantic similarity, should the Document be linked to the Representative Document? Respond only with YES or NO.

Response:
",NO,LLM Said NO (Checking Candidates)
1109,"Human: 
You are a master of semantic understanding and clustering analysis.

Task: The dataset you are working with is highly diverse, containing documents from a wide range of topics and styles. Your goal is to evaluate whether the following document should belong to the same cluster as the given representative document, based strictly on their meaning.

Document: I don't know where this transaction came from?

Representative Document for a Cluster: There's a direct debit on my account that I didn't authorize

Question: Based on their semantic similarity, should the Document be linked to the Representative Document? Respond only with YES or NO.

Response:
",NO,Evaluated Candidate
1109,"Human: 
You are a master of semantic understanding and clustering analysis.

Task: The dataset you are working with is highly diverse, containing documents from a wide range of topics and styles. Your goal is to evaluate whether the following document should belong to the same cluster as the given representative document, based strictly on their meaning.

Document: I don't know where this transaction came from?

Representative Document for a Cluster: How can I tell where my funds came from?

Question: Based on their semantic similarity, should the Document be linked to the Representative Document? Respond only with YES or NO.

Response:
",YES,LLM Said YES (Reassigned to 73)
121,"Human: 
You are a master of semantic understanding and clustering analysis.

Task: The dataset you are working with is highly diverse, containing documents from a wide range of topics and styles. Your goal is to evaluate whether the following document should belong to the same cluster as the given representative document, based strictly on their meaning.

Document: I made a currency exchange and think I was charged more than I should of been.

Representative Document for a Cluster: I took out money from a transaction machine and it exchanged the wrong dollar value amount from another currency!

Question: Based on their semantic similarity, should the Document be linked to the Representative Document? Respond only with YES or NO.

Response:
",YES,LLM Said YES (Remains in Original)
2284,"Human: 
You are a master of semantic understanding and clustering analysis.

Task: The dataset you are working with is highly diverse, containing documents from a wide range of topics and styles. Your goal is to evaluate whether the following document should belong to the same cluster as the given representative document, based strictly on their meaning.

Document: Tell me why my transfer failed!

Representative Document for a Cluster: What is the reason my transfer was declined?

Question: Based on their semantic similarity, should the Document be linked to the Representative Document? Respond only with YES or NO.

Response:
",YES,LLM Said YES (Remains in Original)
1610,"Human: 
You are a master of semantic understanding and clustering analysis.

Task: The dataset you are working with is highly diverse, containing documents from a wide range of topics and styles. Your goal is to evaluate whether the following document should belong to the same cluster as the given representative document, based strictly on their meaning.

Document: I made this payment days ago so why hasn't it gone through yet?

Representative Document for a Cluster: My money transfer has not arrived.

Question: Based on their semantic similarity, should the Document be linked to the Representative Document? Respond only with YES or NO.

Response:
",YES,LLM Said YES (Remains in Original)
1898,"Human: 
You are a master of semantic understanding and clustering analysis.

Task: The dataset you are working with is highly diverse, containing documents from a wide range of topics and styles. Your goal is to evaluate whether the following document should belong to the same cluster as the given representative document, based strictly on their meaning.

Document: Delete this account!

Representative Document for a Cluster: This company sucks! Can you delete my account?

Question: Based on their semantic similarity, should the Document be linked to the Representative Document? Respond only with YES or NO.

Response:
",YES,LLM Said YES (Remains in Original)
586,"Human: 
You are a master of semantic understanding and clustering analysis.

Task: The dataset you are working with is highly diverse, containing documents from a wide range of topics and styles. Your goal is to evaluate whether the following document should belong to the same cluster as the given representative document, based strictly on their meaning.

Document: what is the charges for new card?

Representative Document for a Cluster: Does topping up my card have a fee?

Question: Based on their semantic similarity, should the Document be linked to the Representative Document? Respond only with YES or NO.

Response:
",YES,LLM Said YES (Remains in Original)
1920,"Human: 
You are a master of semantic understanding and clustering analysis.

Task: The dataset you are working with is highly diverse, containing documents from a wide range of topics and styles. Your goal is to evaluate whether the following document should belong to the same cluster as the given representative document, based strictly on their meaning.

Document: What do I do if an ATM ""stole"" my card?

Representative Document for a Cluster: What should I do if my card is missing?

Question: Based on their semantic similarity, should the Document be linked to the Representative Document? Respond only with YES or NO.

Response:
",YES,LLM Said YES (Remains in Original)
1887,"Human: 
You are a master of semantic understanding and clustering analysis.

Task: The dataset you are working with is highly diverse, containing documents from a wide range of topics and styles. Your goal is to evaluate whether the following document should belong to the same cluster as the given representative document, based strictly on their meaning.

Document: I want to close my account

Representative Document for a Cluster: Please delete my account.

Question: Based on their semantic similarity, should the Document be linked to the Representative Document? Respond only with YES or NO.

Response:
",YES,LLM Said YES (Remains in Original)
2235,"Human: 
You are a master of semantic understanding and clustering analysis.

Task: The dataset you are working with is highly diverse, containing documents from a wide range of topics and styles. Your goal is to evaluate whether the following document should belong to the same cluster as the given representative document, based strictly on their meaning.

Document: I transferred money and was charged and want to know why.

Representative Document for a Cluster: Why was I charged an extra fee when paying with my card?

Question: Based on their semantic similarity, should the Document be linked to the Representative Document? Respond only with YES or NO.

Response:
",YES,LLM Said YES (Remains in Original)
543,"Human: 
You are a master of semantic understanding and clustering analysis.

Task: The dataset you are working with is highly diverse, containing documents from a wide range of topics and styles. Your goal is to evaluate whether the following document should belong to the same cluster as the given representative document, based strictly on their meaning.

Document: Why did I get blocked?

Representative Document for a Cluster: What is the reason my transfer was declined?

Question: Based on their semantic similarity, should the Document be linked to the Representative Document? Respond only with YES or NO.

Response:
",NO,LLM Said NO (Checking Candidates)
543,"Human: 
You are a master of semantic understanding and clustering analysis.

Task: The dataset you are working with is highly diverse, containing documents from a wide range of topics and styles. Your goal is to evaluate whether the following document should belong to the same cluster as the given representative document, based strictly on their meaning.

Document: Why did I get blocked?

Representative Document for a Cluster: Why was my card payment cancelled?

Question: Based on their semantic similarity, should the Document be linked to the Representative Document? Respond only with YES or NO.

Response:
",NO,LLM Said NO (Remains in Original)
543,"Human: 
You are a master of semantic understanding and clustering analysis.

Task: The dataset you are working with is highly diverse, containing documents from a wide range of topics and styles. Your goal is to evaluate whether the following document should belong to the same cluster as the given representative document, based strictly on their meaning.

Document: Why did I get blocked?

Representative Document for a Cluster: The app doesn't recognize me.

Question: Based on their semantic similarity, should the Document be linked to the Representative Document? Respond only with YES or NO.

Response:
",NO,LLM Said NO (Remains in Original)
543,"Human: 
You are a master of semantic understanding and clustering analysis.

Task: The dataset you are working with is highly diverse, containing documents from a wide range of topics and styles. Your goal is to evaluate whether the following document should belong to the same cluster as the given representative document, based strictly on their meaning.

Document: Why did I get blocked?

Representative Document for a Cluster: Why was I charged an extra fee when paying with my card?

Question: Based on their semantic similarity, should the Document be linked to the Representative Document? Respond only with YES or NO.

Response:
",NO,LLM Said NO (Remains in Original)
1578,"Human: 
You are a master of semantic understanding and clustering analysis.

Task: The dataset you are working with is highly diverse, containing documents from a wide range of topics and styles. Your goal is to evaluate whether the following document should belong to the same cluster as the given representative document, based strictly on their meaning.

Document: What are some reasons that would cause ATM machines to decline my card? It has happened to me multiple times!

Representative Document for a Cluster: Why was a transaction on my card declined?

Question: Based on their semantic similarity, should the Document be linked to the Representative Document? Respond only with YES or NO.

Response:
",YES,LLM Said YES (Remains in Original)
2567,"Human: 
You are a master of semantic understanding and clustering analysis.

Task: The dataset you are working with is highly diverse, containing documents from a wide range of topics and styles. Your goal is to evaluate whether the following document should belong to the same cluster as the given representative document, based strictly on their meaning.

Document: I attempted to get money using a foreign currency at an ATM but the rate was highly inaccurate!

Representative Document for a Cluster: I took out money from a transaction machine and it exchanged the wrong dollar value amount from another currency!

Question: Based on their semantic similarity, should the Document be linked to the Representative Document? Respond only with YES or NO.

Response:
",YES,LLM Said YES (Remains in Original)
339,"Human: 
You are a master of semantic understanding and clustering analysis.

Task: The dataset you are working with is highly diverse, containing documents from a wide range of topics and styles. Your goal is to evaluate whether the following document should belong to the same cluster as the given representative document, based strictly on their meaning.

Document: How do I make sure I don't run out of money on my card while traveling?

Representative Document for a Cluster: How can I top up with cash?

Question: Based on their semantic similarity, should the Document be linked to the Representative Document? Respond only with YES or NO.

Response:
",NO,LLM Said NO (Checking Candidates)
339,"Human: 
You are a master of semantic understanding and clustering analysis.

Task: The dataset you are working with is highly diverse, containing documents from a wide range of topics and styles. Your goal is to evaluate whether the following document should belong to the same cluster as the given representative document, based strictly on their meaning.

Document: How do I make sure I don't run out of money on my card while traveling?

Representative Document for a Cluster: What should I do if my card is missing?

Question: Based on their semantic similarity, should the Document be linked to the Representative Document? Respond only with YES or NO.

Response:
",NO,Evaluated Candidate
339,"Human: 
You are a master of semantic understanding and clustering analysis.

Task: The dataset you are working with is highly diverse, containing documents from a wide range of topics and styles. Your goal is to evaluate whether the following document should belong to the same cluster as the given representative document, based strictly on their meaning.

Document: How do I make sure I don't run out of money on my card while traveling?

Representative Document for a Cluster: Will I be able to use my card anywhere?

Question: Based on their semantic similarity, should the Document be linked to the Representative Document? Respond only with YES or NO.

Response:
",YES,LLM Said YES (Reassigned to 68)
367,"Human: 
You are a master of semantic understanding and clustering analysis.

Task: The dataset you are working with is highly diverse, containing documents from a wide range of topics and styles. Your goal is to evaluate whether the following document should belong to the same cluster as the given representative document, based strictly on their meaning.

Document: Can you please identify the problem with my bank card?

Representative Document for a Cluster: What should I do if my card is missing?

Question: Based on their semantic similarity, should the Document be linked to the Representative Document? Respond only with YES or NO.

Response:
",YES,LLM Said YES (Remains in Original)
760,"Human: 
You are a master of semantic understanding and clustering analysis.

Task: The dataset you are working with is highly diverse, containing documents from a wide range of topics and styles. Your goal is to evaluate whether the following document should belong to the same cluster as the given representative document, based strictly on their meaning.

Document: I don't know if this is an issue with the ATM or my account, but I just tried withdrawing 30 pounds from the ATM I'm at now and it only gave me 10. Is this a glitch or what exactly is going on?

Representative Document for a Cluster: The ATM won't give me my card back.

Question: Based on their semantic similarity, should the Document be linked to the Representative Document? Respond only with YES or NO.

Response:
",NO,LLM Said NO (Checking Candidates)
760,"Human: 
You are a master of semantic understanding and clustering analysis.

Task: The dataset you are working with is highly diverse, containing documents from a wide range of topics and styles. Your goal is to evaluate whether the following document should belong to the same cluster as the given representative document, based strictly on their meaning.

Document: I don't know if this is an issue with the ATM or my account, but I just tried withdrawing 30 pounds from the ATM I'm at now and it only gave me 10. Is this a glitch or what exactly is going on?

Representative Document for a Cluster: The app is showing an ATM withdrawl that I didn't make.

Question: Based on their semantic similarity, should the Document be linked to the Representative Document? Respond only with YES or NO.

Response:
",YES,LLM Said YES (Reassigned to 2)
2294,"Human: 
You are a master of semantic understanding and clustering analysis.

Task: The dataset you are working with is highly diverse, containing documents from a wide range of topics and styles. Your goal is to evaluate whether the following document should belong to the same cluster as the given representative document, based strictly on their meaning.

Document: Why did my transfer fail?

Representative Document for a Cluster: What is the reason my transfer was declined?

Question: Based on their semantic similarity, should the Document be linked to the Representative Document? Respond only with YES or NO.

Response:
",YES,LLM Said YES (Remains in Original)
1579,"Human: 
You are a master of semantic understanding and clustering analysis.

Task: The dataset you are working with is highly diverse, containing documents from a wide range of topics and styles. Your goal is to evaluate whether the following document should belong to the same cluster as the given representative document, based strictly on their meaning.

Document: Why did the ATM machine fail to give me a cash withdrawal?

Representative Document for a Cluster: The ATM won't give me my card back.

Question: Based on their semantic similarity, should the Document be linked to the Representative Document? Respond only with YES or NO.

Response:
",NO,LLM Said NO (Checking Candidates)
1579,"Human: 
You are a master of semantic understanding and clustering analysis.

Task: The dataset you are working with is highly diverse, containing documents from a wide range of topics and styles. Your goal is to evaluate whether the following document should belong to the same cluster as the given representative document, based strictly on their meaning.

Document: Why did the ATM machine fail to give me a cash withdrawal?

Representative Document for a Cluster: I didn't get as much cash as I asked for from the ATM, why?

Question: Based on their semantic similarity, should the Document be linked to the Representative Document? Respond only with YES or NO.

Response:
",YES,LLM Said YES (Reassigned to 53)
1479,"Human: 
You are a master of semantic understanding and clustering analysis.

Task: The dataset you are working with is highly diverse, containing documents from a wide range of topics and styles. Your goal is to evaluate whether the following document should belong to the same cluster as the given representative document, based strictly on their meaning.

Document: locations to withdraw money

Representative Document for a Cluster: Why was I charged a fee for withdrawing cash?

Question: Based on their semantic similarity, should the Document be linked to the Representative Document? Respond only with YES or NO.

Response:
",NO,LLM Said NO (Checking Candidates)
1479,"Human: 
You are a master of semantic understanding and clustering analysis.

Task: The dataset you are working with is highly diverse, containing documents from a wide range of topics and styles. Your goal is to evaluate whether the following document should belong to the same cluster as the given representative document, based strictly on their meaning.

Document: locations to withdraw money

Representative Document for a Cluster: The app is showing an ATM withdrawl that I didn't make.

Question: Based on their semantic similarity, should the Document be linked to the Representative Document? Respond only with YES or NO.

Response:
",YES,LLM Said YES (Reassigned to 2)
1114,"Human: 
You are a master of semantic understanding and clustering analysis.

Task: The dataset you are working with is highly diverse, containing documents from a wide range of topics and styles. Your goal is to evaluate whether the following document should belong to the same cluster as the given representative document, based strictly on their meaning.

Document: Some of my card payments look different than where I purchased products from. Why is that?

Representative Document for a Cluster: I have a payment I didn't do

Question: Based on their semantic similarity, should the Document be linked to the Representative Document? Respond only with YES or NO.

Response:
",NO,LLM Said NO (Checking Candidates)
1114,"Human: 
You are a master of semantic understanding and clustering analysis.

Task: The dataset you are working with is highly diverse, containing documents from a wide range of topics and styles. Your goal is to evaluate whether the following document should belong to the same cluster as the given representative document, based strictly on their meaning.

Document: Some of my card payments look different than where I purchased products from. Why is that?

Representative Document for a Cluster: Why was my card payment cancelled?

Question: Based on their semantic similarity, should the Document be linked to the Representative Document? Respond only with YES or NO.

Response:
",NO,Evaluated Candidate
1114,"Human: 
You are a master of semantic understanding and clustering analysis.

Task: The dataset you are working with is highly diverse, containing documents from a wide range of topics and styles. Your goal is to evaluate whether the following document should belong to the same cluster as the given representative document, based strictly on their meaning.

Document: Some of my card payments look different than where I purchased products from. Why is that?

Representative Document for a Cluster: Why was I charged an extra fee when paying with my card?

Question: Based on their semantic similarity, should the Document be linked to the Representative Document? Respond only with YES or NO.

Response:
",YES,LLM Said YES (Reassigned to 5)
1653,"Human: 
You are a master of semantic understanding and clustering analysis.

Task: The dataset you are working with is highly diverse, containing documents from a wide range of topics and styles. Your goal is to evaluate whether the following document should belong to the same cluster as the given representative document, based strictly on their meaning.

Document: left phone at hotel, how to access app

Representative Document for a Cluster: The app doesn't recognize me.

Question: Based on their semantic similarity, should the Document be linked to the Representative Document? Respond only with YES or NO.

Response:
",NO,LLM Said NO (Checking Candidates)
1653,"Human: 
You are a master of semantic understanding and clustering analysis.

Task: The dataset you are working with is highly diverse, containing documents from a wide range of topics and styles. Your goal is to evaluate whether the following document should belong to the same cluster as the given representative document, based strictly on their meaning.

Document: left phone at hotel, how to access app

Representative Document for a Cluster: My phone was stolen

Question: Based on their semantic similarity, should the Document be linked to the Representative Document? Respond only with YES or NO.

Response:
",NO,LLM Said NO (Remains in Original)
1653,"Human: 
You are a master of semantic understanding and clustering analysis.

Task: The dataset you are working with is highly diverse, containing documents from a wide range of topics and styles. Your goal is to evaluate whether the following document should belong to the same cluster as the given representative document, based strictly on their meaning.

Document: left phone at hotel, how to access app

Representative Document for a Cluster: What should I do if my card is missing?

Question: Based on their semantic similarity, should the Document be linked to the Representative Document? Respond only with YES or NO.

Response:
",NO,LLM Said NO (Remains in Original)
1653,"Human: 
You are a master of semantic understanding and clustering analysis.

Task: The dataset you are working with is highly diverse, containing documents from a wide range of topics and styles. Your goal is to evaluate whether the following document should belong to the same cluster as the given representative document, based strictly on their meaning.

Document: left phone at hotel, how to access app

Representative Document for a Cluster: I lost my card

Question: Based on their semantic similarity, should the Document be linked to the Representative Document? Respond only with YES or NO.

Response:
",NO,LLM Said NO (Remains in Original)
2599,"Human: 
You are a master of semantic understanding and clustering analysis.

Task: The dataset you are working with is highly diverse, containing documents from a wide range of topics and styles. Your goal is to evaluate whether the following document should belong to the same cluster as the given representative document, based strictly on their meaning.

Document: Is there a local ATM that will provide British pounds, I have no money for my homeward journey and do not feel comfortable waiting until  I arrive in Britain. Will a withdrawal involve extra charges?

Representative Document for a Cluster: Why was I charged a fee for withdrawing cash?

Question: Based on their semantic similarity, should the Document be linked to the Representative Document? Respond only with YES or NO.

Response:
",NO,LLM Said NO (Checking Candidates)
2599,"Human: 
You are a master of semantic understanding and clustering analysis.

Task: The dataset you are working with is highly diverse, containing documents from a wide range of topics and styles. Your goal is to evaluate whether the following document should belong to the same cluster as the given representative document, based strictly on their meaning.

Document: Is there a local ATM that will provide British pounds, I have no money for my homeward journey and do not feel comfortable waiting until  I arrive in Britain. Will a withdrawal involve extra charges?

Representative Document for a Cluster: Are there any ATM machines near me?

Question: Based on their semantic similarity, should the Document be linked to the Representative Document? Respond only with YES or NO.

Response:
",NO,LLM Said NO (Remains in Original)
2599,"Human: 
You are a master of semantic understanding and clustering analysis.

Task: The dataset you are working with is highly diverse, containing documents from a wide range of topics and styles. Your goal is to evaluate whether the following document should belong to the same cluster as the given representative document, based strictly on their meaning.

Document: Is there a local ATM that will provide British pounds, I have no money for my homeward journey and do not feel comfortable waiting until  I arrive in Britain. Will a withdrawal involve extra charges?

Representative Document for a Cluster: The ATM won't give me my card back.

Question: Based on their semantic similarity, should the Document be linked to the Representative Document? Respond only with YES or NO.

Response:
",NO,LLM Said NO (Remains in Original)
2599,"Human: 
You are a master of semantic understanding and clustering analysis.

Task: The dataset you are working with is highly diverse, containing documents from a wide range of topics and styles. Your goal is to evaluate whether the following document should belong to the same cluster as the given representative document, based strictly on their meaning.

Document: Is there a local ATM that will provide British pounds, I have no money for my homeward journey and do not feel comfortable waiting until  I arrive in Britain. Will a withdrawal involve extra charges?

Representative Document for a Cluster: How do I change GBP to AUD?

Question: Based on their semantic similarity, should the Document be linked to the Representative Document? Respond only with YES or NO.

Response:
",NO,LLM Said NO (Remains in Original)
2702,"Human: 
You are a master of semantic understanding and clustering analysis.

Task: The dataset you are working with is highly diverse, containing documents from a wide range of topics and styles. Your goal is to evaluate whether the following document should belong to the same cluster as the given representative document, based strictly on their meaning.

Document: Why is my balance the same?  I processed a transfer.

Representative Document for a Cluster: Why is the cash deposit not showing up in my account?

Question: Based on their semantic similarity, should the Document be linked to the Representative Document? Respond only with YES or NO.

Response:
",NO,LLM Said NO (Checking Candidates)
2702,"Human: 
You are a master of semantic understanding and clustering analysis.

Task: The dataset you are working with is highly diverse, containing documents from a wide range of topics and styles. Your goal is to evaluate whether the following document should belong to the same cluster as the given representative document, based strictly on their meaning.

Document: Why is my balance the same?  I processed a transfer.

Representative Document for a Cluster: Why did my transfer not go through?

Question: Based on their semantic similarity, should the Document be linked to the Representative Document? Respond only with YES or NO.

Response:
",YES,LLM Said YES (Reassigned to 6)
